event_id,event_timestamp,latitude,longitude,risk_score
evt_0001,2026-05-03T07:12:15,51.5100,-0.1300,32.41
evt_0002,2026-05-03T08:25:39,51.5155,-0.1350,78.92
evt_0003,2026-05-03T09:47:02,51.4990,-0.1200,11.35
evt_0004,2026-05-03T10:58:44,51.5220,-0.0850,64.22
evt_0005,2026-05-03T12:19:57,51.5110,-0.0950,24.79
evt_0006,2026-05-03T13:41:33,51.4885,-0.1180,88.61
evt_0007,2026-05-03T15:02:18,51.5050,-0.0900,19.56
evt_0008,2026-05-03T16:23:51,51.5295,-0.1050,56.03
evt_0009,2026-05-03T17:45:26,51.5015,-0.1320,42.67
evt_0010,2026-05-03T19:06:49,51.5165,-0.1000,71.84
evt_0111,2026-05-04T06:58:11,51.5369,-0.1798,27.35
evt_0112,2026-05-04T08:19:42,51.4741,-0.1451,63.28
evt_0113,2026-05-04T09:31:07,51.4958,-0.1582,9.87
evt_0114,2026-05-04T10:52:39,51.5214,-0.1219,54.91
evt_0115,2026-05-04T12:14:23,51.5057,-0.1695,39.02
evt_0116,2026-05-04T13:36:55,51.4998,-0.0823,73.64
evt_0117,2026-05-04T14:57:18,51.5331,-0.1169,6.42
evt_0118,2026-05-04T16:18:40,51.4863,-0.1027,96.08
evt_0119,2026-05-04T17:40:12,51.5099,-0.1347,23.51
evt_0120,2026-05-04T19:01:44,51.5183,-0.1103,58.76
evt_0121,2026-05-05T07:03:29,51.5406,-0.0869,31.92
evt_0122,2026-05-05T08:24:51,51.4787,-0.1214,67.41
evt_0123,2026-05-05T09:46:18,51.4923,-0.0762,16.55
evt_0124,2026-05-05T11:07:39,51.5277,-0.1333,82.09
evt_0125,2026-05-05T12:29:01,51.5051,-0.1506,45.73
evt_0126,2026-05-05T13:50:23,51.4984,-0.0986,8.24
evt_0127,2026-05-05T15:11:47,51.5139,-0.0729,69.05
evt_0128,2026-05-05T16:33:09,51.5231,-0.1463,52.18
evt_0129,2026-05-05T17:54:31,51.4882,-0.1316,21.63
evt_0130,2026-05-05T19:15:54,51.5125,-0.1179,81.94
evt_0131,2026-05-06T06:49:17,51.5380,-0.1035,25.88
evt_0132,2026-05-06T08:10:39,51.4817,-0.0873,60.72
evt_0133,2026-05-06T09:32:01,51.4941,-0.1422,13.11
evt_0134,2026-05-06T10:53:24,51.5256,-0.0957,74.68
evt_0135,2026-05-06T12:14:46,51.5060,-0.1293,37.26
evt_0136,2026-05-06T13:36:08,51.4993,-0.1131,93.44
evt_0137,2026-05-06T14:57:30,51.5206,-0.0827,47.59
evt_0138,2026-05-06T16:18:52,51.5319,-0.1518,10.03
evt_0139,2026-05-06T17:40:15,51.4901,-0.0964,55.12
evt_0140,2026-05-06T19:01:37,51.5159,-0.1409,77.83
evt_0141,2026-05-07T07:05:21,51.5425,-0.1208,29.44
evt_0142,2026-05-07T08:26:43,51.4795,-0.1017,62.95
evt_0143,2026-05-07T09:48:05,51.4960,-0.0901,18.37
evt_0144,2026-05-07T11:09:27,51.5290,-0.0739,84.51
evt_0145,2026-05-07T12:30:49,51.5074,-0.1140,41.08
evt_0146,2026-05-07T13:52:11,51.4967,-0.1273,7.92
evt_0147,2026-05-07T15:13:33,51.5221,-0.1534,67.64
evt_0148,2026-05-07T16:34:55,51.5334,-0.0932,50.37
evt_0149,2026-05-07T17:56:17,51.4877,-0.0809,22.16
evt_0150,2026-05-07T19:17:39,51.5133,-0.1054,79.02
evt_0151,2026-05-08T06:52:03,51.5398,-0.1364,26.51
evt_0152,2026-05-08T08:13:25,51.4810,-0.1173,59.86
evt_0153,2026-05-08T09:34:47,51.4948,-0.0724,12.79
evt_0154,2026-05-08T10:56:09,51.5270,-0.1475,71.92
evt_0155,2026-05-08T12:17:31,51.5065,-0.0871,34.63
evt_0156,2026-05-08T13:38:53,51.4987,-0.1013,96.45
evt_0157,2026-05-08T15:00:15,51.5195,-0.1197,48.12
evt_0158,2026-05-08T16:21:37,51.5307,-0.1111,9.44
evt_0159,2026-05-08T17:42:59,51.4894,-0.1386,54.27
evt_0160,2026-05-08T19:04:21,51.5152,-0.0783,76.18
evt_0161,2026-05-09T07:01:12,51.5412,-0.0924,28.73
evt_0162,2026-05-09T08:22:34,51.4790,-0.1095,63.59
evt_0163,2026-05-09T09:43:56,51.4954,-0.0979,17.21
evt_0164,2026-05-09T11:05:18,51.5262,-0.1390,85.33
evt_0165,2026-05-09T12:26:40,51.5070,-0.1024,38.14
evt_0166,2026-05-09T13:48:02,51.4996,-0.1188,92.77
evt_0167,2026-05-09T15:09:24,51.5214,-0.0811,46.39
evt_0168,2026-05-09T16:30:46,51.5340,-0.1267,11.66
evt_0169,2026-05-09T17:52:08,51.4906,-0.0912,57.05
evt_0170,2026-05-09T19:13:30,51.5166,-0.1161,74.92
evt_0171,2026-05-03T06:35:44,51.5355,-0.1302,22.37
evt_0172,2026-05-04T09:07:18,51.4833,-0.0851,68.48
evt_0173,2026-05-05T10:38:52,51.4928,-0.1246,19.04
evt_0174,2026-05-06T12:10:26,51.5240,-0.0894,82.71
evt_0175,2026-05-07T13:41:58,51.5068,-0.1369,36.95
evt_0176,2026-05-03T15:13:32,51.4989,-0.1073,94.58
evt_0177,2026-05-04T16:45:06,51.5200,-0.1001,49.27
evt_0178,2026-05-05T18:16:40,51.5337,-0.1187,8.63
evt_0179,2026-05-06T19:48:14,51.4873,-0.0786,52.92
evt_0180,2026-05-07T21:19:48,51.5147,-0.1327,73.61
evt_0181,2026-04-20T10:12:03,51.5079,-0.1270,41.23
evt_0182,2026-04-21T14:35:27,51.5121,-0.1198,67.54
evt_0183,2026-04-22T09:48:59,51.4995,-0.1114,23.87
evt_0184,2026-04-23T16:02:41,51.5218,-0.0982,75.63
evt_0185,2026-04-25T11:27:15,51.4934,-0.1356,19.46
evt_0186,2026-05-03T08:44:22,51.5376,-0.1221,33.51
evt_0187,2026-05-04T10:18:56,51.4806,-0.1003,61.97
evt_0188,2026-05-05T11:53:30,51.4969,-0.0921,14.08
evt_0189,2026-05-06T13:28:04,51.5288,-0.0775,83.42
evt_0190,2026-05-07T15:02:38,51.5086,-0.1211,39.66
evt_0191,2026-05-03T16:37:12,51.4974,-0.1159,90.21
evt_0192,2026-05-04T18:11:46,51.5229,-0.0943,47.03
evt_0193,2026-05-05T19:46:20,51.5343,-0.1449,9.77
evt_0194,2026-05-06T21:20:54,51.4888,-0.0834,56.14
evt_0195,2026-05-07T06:55:28,51.5150,-0.1099,78.35
evt_0196,2026-05-08T08:29:02,51.5403,-0.1251,27.46
evt_0197,2026-05-08T10:03:36,51.4825,-0.0897,65.18
evt_0198,2026-05-08T11:38:10,51.4936,-0.1401,18.92
evt_0199,2026-05-08T13:12:44,51.5268,-0.0975,80.57
evt_0200,2026-05-08T14:47:18,51.5077,-0.1117,35.84